

--BANCOS
INSERT INTO BANCO (CODIGO, NOME) VALUES ('011', 'BANCO ALFA');
INSERT INTO BANCO (CODIGO, NOME) VALUES ('241', 'BANCO BETA');
INSERT INTO BANCO (CODIGO, NOME) VALUES ('307', 'BANCO OMEGA');
--PAIS
INSERT INTO PAIS (ID_PAIS, NOME) VALUES (1, 'BRASIL');

--ESTADO
INSERT INTO ESTADO (ID_ESTADO, ID_PAIS, NOME) VALUES (1, 1, 'SAO PAULO');

--CIDADE
INSERT INTO CIDADE (ID_CIDADE, ID_ESTADO, NOME) VALUES (1, 1, 'CAMPINAS');

--BAIRRO
INSERT INTO BAIRRO (ID_BAIRRO, ID_CIDADE, ID_ESTADO, NOME) VALUES (1, 1, 1, 'JARDINS');

--ENDERECO
INSERT INTO ENDERECO (ID_ENDERECO, ID_BAIRRO, ID_CIDADE, LOGRADOURO, NUMERO, COMPLEMENTO)
    VALUES (1, 1, 1, 'RUA TESTANDO', 55, 'LOJA 1');
INSERT INTO ENDERECO (ID_ENDERECO, ID_BAIRRO, ID_CIDADE, LOGRADOURO, NUMERO, COMPLEMENTO)
    VALUES (2, 1, 1, 'RUA ALPARGATOS', 55, 'CONJUNTO 12');
   /* 
DELETE AGENCIA
WHERE AGENCIA.CODIGO = '0101'
SELECT * FROM AGENCIA
*/
--AGENCIA    
INSERT INTO AGENCIA (CODIGO, ID_BANCO, ID_ENDERECO, NOME) VALUES ('0001', '011' , 1, 'WEB' );
INSERT INTO AGENCIA (CODIGO, ID_BANCO, ID_ENDERECO, NOME) VALUES ('0002', '241' , 1, 'SANTOS' );
INSERT INTO AGENCIA (CODIGO, ID_BANCO, ID_ENDERECO, NOME) VALUES ('0011', '241' , 1, 'ESTILO' );
INSERT INTO AGENCIA (CODIGO, ID_BANCO, ID_ENDERECO, NOME) VALUES ('0031', '011' , 1, 'PRIME' );

--TIPOS DE CONTA
INSERT INTO TIPO_CONTA (ID_TIPO_CONTA, NOME) VALUES (1, 'PJ');
INSERT INTO TIPO_CONTA (ID_TIPO_CONTA, NOME) VALUES (2, 'PF');
INSERT INTO TIPO_CONTA (ID_TIPO_CONTA, NOME) VALUES (3, 'CONJUNTA');
INSERT INTO TIPO_CONTA (ID_TIPO_CONTA, NOME) VALUES (4, 'INVESTIMENTO');

--select * from AGENCIA;
--CLIENTES
INSERT INTO CLIENTE(CPF, NOME, DATA_NASCIMENTO, ESTADO_CIVIL) VALUES ('01434230023', 'FILIPE', '07/04/1999', 'SOLTEIRX');
INSERT INTO CLIENTE(CPF, NOME, DATA_NASCIMENTO, ESTADO_CIVIL) VALUES ('01234567897', 'EDUARDO', '07/04/1999', 'SOLTEIRX');
INSERT INTO CLIENTE(CPF, NOME, DATA_NASCIMENTO, ESTADO_CIVIL) VALUES ('35487455487', 'JORGE', '07/04/1999', 'SOLTEIRX');
INSERT INTO CLIENTE(CPF, NOME, DATA_NASCIMENTO, ESTADO_CIVIL) VALUES ('64894784544', 'MARCOS', '07/04/1999', 'SOLTEIRX');
INSERT INTO CLIENTE(CPF, NOME, DATA_NASCIMENTO, ESTADO_CIVIL) VALUES ('65231685465', 'MATEUS', '07/04/1999', 'SOLTEIRX');
INSERT INTO CLIENTE(CPF, NOME, DATA_NASCIMENTO, ESTADO_CIVIL) VALUES ('5121', 'ISAIAS', '07/04/1999', 'SOLTEIRX');
INSERT INTO CLIENTE(CPF, NOME, DATA_NASCIMENTO, ESTADO_CIVIL) VALUES ('351', 'BARTOLOMEU', '07/04/1999', 'SOLTEIRX');
INSERT INTO CLIENTE(CPF, NOME, DATA_NASCIMENTO, ESTADO_CIVIL) VALUES ('3521', 'JUVENAU', '07/04/1999', 'SOLTEIRX');
INSERT INTO CLIENTE(CPF, NOME, DATA_NASCIMENTO, ESTADO_CIVIL) VALUES ('231', 'ALFREDO', '07/04/1999', 'SOLTEIRX');
INSERT INTO CLIENTE(CPF, NOME, DATA_NASCIMENTO, ESTADO_CIVIL) VALUES ('281', 'ROMEU', '07/04/1999', 'SOLTEIRX');
INSERT INTO CLIENTE(CPF, NOME, DATA_NASCIMENTO, ESTADO_CIVIL) VALUES ('291', 'PORT', '07/04/1999', 'SOLTEIRX');
INSERT INTO CLIENTE(CPF, NOME, DATA_NASCIMENTO, ESTADO_CIVIL) VALUES ('54', 'CARAI', '07/04/1999', 'SOLTEIRX');
INSERT INTO CLIENTE(CPF, NOME, DATA_NASCIMENTO, ESTADO_CIVIL) VALUES ('21', 'TOBE', '07/04/1999', 'SOLTEIRX');
--CLIENTES CJ
INSERT INTO CLIENTE(CPF, NOME, DATA_NASCIMENTO, ESTADO_CIVIL) VALUES ('81', 'TOBE', '07/04/1999', 'SOLTEIRX');
INSERT INTO CLIENTE(CPF, NOME, DATA_NASCIMENTO, ESTADO_CIVIL) VALUES ('91', 'TOBE', '07/04/1999', 'SOLTEIRX');
INSERT INTO CLIENTE(CPF, NOME, DATA_NASCIMENTO, ESTADO_CIVIL) VALUES ('101', 'TOBE', '07/04/1999', 'SOLTEIRX');

--CLIENTE_X_ENDERECO
INSERT INTO CLIENTE_X_ENDERECO (ID_CLIENTE, ID_ENDERECO) VALUES ('01434230023', 2);
INSERT INTO CLIENTE_X_ENDERECO (ID_CLIENTE, ID_ENDERECO) VALUES ('01234567897', 2);
INSERT INTO CLIENTE_X_ENDERECO (ID_CLIENTE, ID_ENDERECO) VALUES ('35487455487', 2);
INSERT INTO CLIENTE_X_ENDERECO (ID_CLIENTE, ID_ENDERECO) VALUES ('64894784544', 2);
INSERT INTO CLIENTE_X_ENDERECO (ID_CLIENTE, ID_ENDERECO) VALUES ('65231685465', 2);
INSERT INTO CLIENTE_X_ENDERECO (ID_CLIENTE, ID_ENDERECO) VALUES ('5121', 2);
INSERT INTO CLIENTE_X_ENDERECO (ID_CLIENTE, ID_ENDERECO) VALUES ('351', 2);
INSERT INTO CLIENTE_X_ENDERECO (ID_CLIENTE, ID_ENDERECO) VALUES ('3521', 2);
INSERT INTO CLIENTE_X_ENDERECO (ID_CLIENTE, ID_ENDERECO) VALUES ('231', 2);
INSERT INTO CLIENTE_X_ENDERECO (ID_CLIENTE, ID_ENDERECO) VALUES ('281', 2);
INSERT INTO CLIENTE_X_ENDERECO (ID_CLIENTE, ID_ENDERECO) VALUES ('291', 2);
INSERT INTO CLIENTE_X_ENDERECO (ID_CLIENTE, ID_ENDERECO) VALUES ('54', 2);
INSERT INTO CLIENTE_X_ENDERECO (ID_CLIENTE, ID_ENDERECO) VALUES ('21', 2);
INSERT INTO CLIENTE_X_ENDERECO (ID_CLIENTE, ID_ENDERECO) VALUES ('81', 2);
INSERT INTO CLIENTE_X_ENDERECO (ID_CLIENTE, ID_ENDERECO) VALUES ('91', 2);
INSERT INTO CLIENTE_X_ENDERECO (ID_CLIENTE, ID_ENDERECO) VALUES ('101', 2);


--CONTAS
INSERT INTO CONTA(CODIGO, CODIGO_AGENCIA, ID_BANCO, TIPO_CONTA, SALDO) VALUES (1, '0001', '011', 1, 0.0);  
INSERT INTO CONTA(CODIGO, CODIGO_AGENCIA, ID_BANCO, TIPO_CONTA, SALDO) VALUES (2, '0001', '011', 1, 10.0);  
INSERT INTO CONTA(CODIGO, CODIGO_AGENCIA, ID_BANCO, TIPO_CONTA, SALDO) VALUES (3, '0001', '011', 2, 50.0);  
INSERT INTO CONTA(CODIGO, CODIGO_AGENCIA, ID_BANCO, TIPO_CONTA, SALDO) VALUES (4, '0001', '011', 2, 80.0);  
INSERT INTO CONTA(CODIGO, CODIGO_AGENCIA, ID_BANCO, TIPO_CONTA, SALDO) VALUES (5, '0001', '011', 2, 90.0);  
INSERT INTO CONTA(CODIGO, CODIGO_AGENCIA, ID_BANCO, TIPO_CONTA, SALDO) VALUES (6, '0002', '241', 2, 484.0);  
INSERT INTO CONTA(CODIGO, CODIGO_AGENCIA, ID_BANCO, TIPO_CONTA, SALDO) VALUES (7, '0002', '241', 2, 300.0); 
--CONJUNTAS
INSERT INTO CONTA(CODIGO, CODIGO_AGENCIA, ID_BANCO, TIPO_CONTA, SALDO) VALUES (8, '0002', '241', 3, 87.0);  
INSERT INTO CONTA(CODIGO, CODIGO_AGENCIA, ID_BANCO, TIPO_CONTA, SALDO) VALUES (9, '0002', '241', 3, 45.0);  
INSERT INTO CONTA(CODIGO, CODIGO_AGENCIA, ID_BANCO, TIPO_CONTA, SALDO) VALUES (10,'0002', '241', 3, 300.0);


--CLIENTE X CONTA
--PJ
INSERT INTO CLIENTE_X_CONTA (ID_CLIENTE, CODIGO, ID_BANCO, TIPO_CONTA ) VALUES ('54', 1, '011', 1);
INSERT INTO CLIENTE_X_CONTA (ID_CLIENTE, CODIGO, ID_BANCO, TIPO_CONTA ) VALUES ('21', 2, '011', 1);
--SOCIOS
INSERT INTO CLIENTE_X_CONTA (ID_CLIENTE, CODIGO, ID_BANCO, TIPO_CONTA ) VALUES ('01434230023', 1, '011', 1);
INSERT INTO CLIENTE_X_CONTA (ID_CLIENTE, CODIGO, ID_BANCO, TIPO_CONTA ) VALUES ('01234567897', 1, '011', 1);
INSERT INTO CLIENTE_X_CONTA (ID_CLIENTE, CODIGO, ID_BANCO, TIPO_CONTA ) VALUES ('35487455487', 1, '011', 1);
INSERT INTO CLIENTE_X_CONTA (ID_CLIENTE, CODIGO, ID_BANCO, TIPO_CONTA ) VALUES ('64894784544', 2, '011', 1);
INSERT INTO CLIENTE_X_CONTA (ID_CLIENTE, CODIGO, ID_BANCO, TIPO_CONTA ) VALUES ('65231685465', 2, '011', 1);
INSERT INTO CLIENTE_X_CONTA (ID_CLIENTE, CODIGO, ID_BANCO, TIPO_CONTA ) VALUES ('81'         , 2, '011', 1);
--PF
INSERT INTO CLIENTE_X_CONTA (ID_CLIENTE, CODIGO, ID_BANCO, TIPO_CONTA ) VALUES ('01434230023', 3, '011', 2);
INSERT INTO CLIENTE_X_CONTA (ID_CLIENTE, CODIGO, ID_BANCO, TIPO_CONTA ) VALUES ('01234567897', 4, '011', 2);
INSERT INTO CLIENTE_X_CONTA (ID_CLIENTE, CODIGO, ID_BANCO, TIPO_CONTA ) VALUES ('35487455487', 5, '011', 2);
INSERT INTO CLIENTE_X_CONTA (ID_CLIENTE, CODIGO, ID_BANCO, TIPO_CONTA ) VALUES ('64894784544', 6, '241', 2);
INSERT INTO CLIENTE_X_CONTA (ID_CLIENTE, CODIGO, ID_BANCO, TIPO_CONTA ) VALUES ('65231685465', 7, '241', 2);
--CONJUNTA
INSERT INTO CLIENTE_X_CONTA (ID_CLIENTE, CODIGO, ID_BANCO, TIPO_CONTA ) VALUES ('65231685465', 8, '241', 3);
INSERT INTO CLIENTE_X_CONTA (ID_CLIENTE, CODIGO, ID_BANCO, TIPO_CONTA ) VALUES ('01234567897', 8, '241', 3);
INSERT INTO CLIENTE_X_CONTA (ID_CLIENTE, CODIGO, ID_BANCO, TIPO_CONTA ) VALUES ('01434230023', 9, '241', 3);
INSERT INTO CLIENTE_X_CONTA (ID_CLIENTE, CODIGO, ID_BANCO, TIPO_CONTA ) VALUES ('64894784544', 9, '241', 3);
INSERT INTO CLIENTE_X_CONTA (ID_CLIENTE, CODIGO, ID_BANCO, TIPO_CONTA ) VALUES ('5121', 10, '241', 3);
INSERT INTO CLIENTE_X_CONTA (ID_CLIENTE, CODIGO, ID_BANCO, TIPO_CONTA ) VALUES ('231', 10, '241', 3);


--GERENTES
INSERT INTO GERENTE(CPF, FK_CODIGO, ID_BANCO, CODIGO_FUNCIONARIO, TIPO_GERENTE) VALUES ('01434230023','0001', '011', 1, 'GG');
INSERT INTO GERENTE(CPF, FK_CODIGO, ID_BANCO, CODIGO_FUNCIONARIO, TIPO_GERENTE) VALUES ('01234567897','0002', '241', 2, 'GG');

--GERENTE_X_CONTA
INSERT INTO GERENTE_X_CONTA(CPF, CODIGO) VALUES ('01434230023', 1);
INSERT INTO GERENTE_X_CONTA(CPF, CODIGO) VALUES ('01434230023', 2);
INSERT INTO GERENTE_X_CONTA(CPF, CODIGO) VALUES ('01434230023', 3);
INSERT INTO GERENTE_X_CONTA(CPF, CODIGO) VALUES ('01434230023', 4);
INSERT INTO GERENTE_X_CONTA(CPF, CODIGO) VALUES ('01434230023', 5);
INSERT INTO GERENTE_X_CONTA(CPF, CODIGO) VALUES ('01234567897', 6);
INSERT INTO GERENTE_X_CONTA(CPF, CODIGO) VALUES ('01234567897', 7);
INSERT INTO GERENTE_X_CONTA(CPF, CODIGO) VALUES ('01234567897', 8);
INSERT INTO GERENTE_X_CONTA(CPF, CODIGO) VALUES ('01234567897', 9);
INSERT INTO GERENTE_X_CONTA(CPF, CODIGO) VALUES ('01234567897', 10);
